{
  "project_info": {
    "project_number": "742792284022",
    "project_id": "rubinite-a12cc",
    "storage_bucket": "rubinite-a12cc.appspot.com"
  },
  "client": [
    {
      "client_info": {
        "mobilesdk_app_id": "1:742792284022:android:24e1d4c387e2f272285c57",
        "android_client_info": {
          "package_name": "com.example.application"
        }
      },
      "oauth_client": [],
      "api_key": [
        {
          "current_key": "AIzaSyD2UxgGJv1sJy8MM5KXIfWrdKV-dQAY_4o"
        }
      ],
      "services": {
        "appinvite_service": {
          "other_platform_oauth_client": []
        }
      }
    }
  ],
  "configuration_version": "1"
}